序号,AI Search Engine,,AI ChatBots,,AI Character Generator,,AI Presentation Maker  ,,AI Image Generator,,AI Image Editor,,AI Image Enhancer,,AI Video Generator,,AI Video Editing,,AI Music Generator,,,,,,
,产品名称,网址,产品名称,网址,产品名称,网址,产品名称,网址,产品名称,网址,产品名称,网址,产品名称,网址,产品名称,网址,产品名称,网址,产品名称,网址,产品名称,网址,产品名称,网址,
1,New Bing,https://www.bing.com,ChatGPT,https://chat.openai.com,Character AI,https://character.ai/,Gamma,https://gamma.app,SeaArt,https://www.seaart.ai,Remove.bg,https://www.remove.bg,Cutout Pro,https://www.cutout.pro/,Sora OpenAI,https://openai.com/sora/,Zeemo,https://zeemo.ai/,Suno.com,https://suno.com,,,,,
2,纳米AI搜索,https://www.n.cn/,DeepSeek,https://chat.deepseek.com,JanitorAI,https://janitorai.com/,Prezi,https://prezi.com,Civitai,https://civitai.green,Fotor,https://www.fotor.com,Upscale media,https://www.upscale.media,klingai,https://klingai.com,Veed.io,https://www.veed.io/,Riffusion,https://www.riffusion.com,,,,,
3,Perplexity AI,https://www.perplexity.ai/,Gemini,https://gemini.google.com,SpicyChat AI,https://spicychat.ai/,AiPPT.cn 像素绽放,https://m.aippt.cn,Leonardo.Ai,https://leonardo.ai,Photoroom,https://www.photoroom.com,Img Upscaler,https://imgupscaler.com,Loom,https://www.loom.com/,InVideo,https://invideo.io/,Voicemod Text to Song ,https://www.voicemod.net/en/text-to-song/,,,,,
4,AI搜|百度,https://chat.baidu.com/,Grok,https://grok.com,polybuzz,https://www.polybuzz.ai/,slidesgo,https://slidesgo.com,Midjourney,https://www.midjourney.com,Pixelcut.ai,https://www.pixelcut.ai,Bigjpg,https://bigjpg.com,Hailuo AI,https://hailuoai.video/,Clipchamp,https://clipchamp.com/en/,Udio,https://www.udio.com,,,,,
5,LINER AI,https://getliner.com/,Claude,https://claude.ai,Candy.ai,https://candyai.uno/,AiPPT.com 像素绽放,https://www.aippt.com,Ideogram,https://ideogram.ai,Pixlr,https://pixlr.com,Neural.love Art Generator,https://neural.love/ai-art-generator,PixVerse,https://app.pixverse.ai/,Media.io,https://www.media.io/,Mureka,https://www.mureka.ai,,,,,
6,秘塔AI搜索,https://metaso.cn/,copilot,https://copilot.microsoft.com,chub.ai,https://chub.ai/,Pitch,https://pitch.com,PixAI.Art,https://pixai.art/en,Cutout Pro,https://www.cutout.pro,Let's Enhance,https://letsenhance.io,Runwayml,https://runwayml.com/,Kapwing AI,https://www.kapwing.com/ai,moisesa,https://moises.ai,,,,,
7,知乎直答,https://zhida.zhihu.com/,豆包,https://www.doubao.com,Talkie,https://www.talkie-ai.com/,PresentationsAI,https://www.presentations.ai,Getimg.ai,https://getimg.ai,InsMInd,https://www.insmind.com,VanceAI,https://vanceai.com,Vidnoz AI,https://www.vidnoz.com/,FlexClip,https://www.flexclip.com/,Landr,https://www.landr.com,,,,,
8,You,https://you.com/,Qwen.ai,https://chat.qwen.ai,Joyland,https://www.joyland.ai/,Beautiful.ai,https://www.beautiful.ai,Openart,https://openart.ai,aiease,https://www.aiease.ai,Al. Image Enlarger,https://imglarger.com,HeyGen,https://www.heygen.com/,Opus clip AI,https://www.opus.pro/,Brain.fm,https://www.brain.fm,,,,,
9,Kagi Search,https://kagi.com/,Kimi,https://kimi.moonshot.cn,moescape,https://moescape.ai/,SlidesGPT,https://slidesgpt.com,即梦AI,https://jimeng.jianying.com,PicWish,https://picwish.com,magnific.ai,https://magnific.ai,Pollo,https://pollo.ai/,Descript,https://www.descript.com/,Aiva,https://www.aiva.ai,,,,,
10,Pimeye,https://pimeyes.com/en,腾讯元宝,https://yuanbao.tencent.com,HitPaw Official,https://www.hitpaw.com/,Tome,https://tome.app,Krea,https://www.krea.ai,QuickTools by Picsart,https://tools.picsart.com,ZMO.ai,https://www.zmo.ai/imgcreator,Vivago,https://www.vivago.ai/,Pictory,https://pictory.ai/,Samplette,https://samplette.io,,,,,
11,iAsk.AI,https://iask.ai/,,,,,,,Dreamina,https://dreamina.capcut.com,,,,,Vidu 海外,https://www.vidu.com/zh,,,,,,,,,
12,C知道,https://so.csdn.net/chat,,,,,,,Shedevrum,https://shedevrum.ai/en,,,,,Viggle,https://viggle.ai/,,,,,,,,,
13,,,,,,,,,Tensor,https://tensor.art,,,,,clipfly,https://www.clipfly.ai/,,,,,,,,,
14,,,,,,,,,piclumen,https://www.piclumen.com,,,,,Luma AI,https://lumalabs.ai/,,,,,,,,,
15,,,,,,,,,Napkin,https://www.napkin.ai,,,,,Pika Art,https://pika.art/,,,,,,,,,
16,,,,,,,,,NightCafe Studio,https://creator.nightcafe.studio,,,,,Synthesia,https://www.synthesia.io/,,,,,,,,,
17,,,,,,,,,SnapEdit,https://snapedit.app,,,,,Animaker,https://www.animaker.com/,,,,,,,,,
18,,,,,,,,,Recraft,https://recraft.ai,,,,,Fliki,https://fliki.ai/,,,,,,,,,
19,,,,,,,,,liblib.art,https://liblib.art,,,,,virbo,https://virbo.com/,,,,,,,,,
20,,,,,,,,,Kittl,https://www.kittl.com,,,,,Creatify,https://www.creatify.ai/,,,,,,,,,
,,,,,,,,,,,,,,,,,,,,,,,,,
,,,,,,,,,,,,,,,,,,,,,,,,,
,,,,,,,,,,,,,,,,,,,,,,,,,
,,,,,,,,,,,,,,,,,,,,,,,,,
,,,,,,,,,,,,,,,,,,,,,,,,,
,,,,,,,,,,,,,,,,,,,,,,,,,
,,,,,,,,,,,,,,,,,,,,,,,,,
,,,,,,,,,,,,,,,,,,,,,,,,,
,,,,,,,,,,,,,,,,,,,,,,,,,
,,,,,,,,,,,,,,,,,,,,,,,,,
,,,,,,,,,,,,,,,,,,,,,,,,,
,,,,,,,,,,,,,,,,,,,,,,,,,
,,,,,,,,,,,,,,,,,,,,,,,,,
,,,,,,,,,,,,,,,,,,,,,,,,,
,,,,,,,,,,,,,,,,,,,,,,,,,
,,,,,,,,,,,,,,,,,,,,,,,,,
,,,,,,,,,,,,,,,,,,,,,,,,,
,,,,,,,,,,,,,,,,,,,,,,,,,
,,,,,,,,,,,,,,,,,,,,,,,,,
,,,,,,,,,,,,,,,,,,,,,,,,,
,,,,,,,,,,,,,,,,,,,,,,,,,
,,,,,,,,,,,,,,,,,,,,,,,,,
,,,,,,,,,,,,,,,,,,,,,,,,,
,,,,,,,,,,,,,,,,,,,,,,,,,
,,,,,,,,,,,,,,,,,,,,,,,,,
,,,,,,,,,,,,,,,,,,,,,,,,,
,,,,,,,,,,,,,,,,,,,,,,,,,
,,,,,,,,,,,,,,,,,,,,,,,,,
,,,,,,,,,,,,,,,,,,,,,,,,,
,,,,,,,,,,,,,,,,,,,,,,,,,
,,,,,,,,,,,,,,,,,,,,,,,,,
,,,,,,,,,,,,,,,,,,,,,,,,,
,,,,,,,,,,,,,,,,,,,,,,,,,
,,,,,,,,,,,,,,,,,,,,,,,,,
,,,,,,,,,,,,,,,,,,,,,,,,,
,,,,,,,,,,,,,,,,,,,,,,,,,
,,,,,,,,,,,,,,,,,,,,,,,,,
,,,,,,,,,,,,,,,,,,,,,,,,,
,,,,,,,,,,,,,,,,,,,,,,,,,
,,,,,,,,,,,,,,,,,,,,,,,,,
,,,,,,,,,,,,,,,,,,,,,,,,,
,,,,,,,,,,,,,,,,,,,,,,,,,
,,,,,,,,,,,,,,,,,,,,,,,,,
,,,,,,,,,,,,,,,,,,,,,,,,,
,,,,,,,,,,,,,,,,,,,,,,,,,
,,,,,,,,,,,,,,,,,,,,,,,,,
,,,,,,,,,,,,,,,,,,,,,,,,,
,,,,,,,,,,,,,,,,,,,,,,,,,
,,,,,,,,,,,,,,,,,,,,,,,,,
,,,,,,,,,,,,,,,,,,,,,,,,,
,,,,,,,,,,,,,,,,,,,,,,,,,
,,,,,,,,,,,,,,,,,,,,,,,,,
,,,,,,,,,,,,,,,,,,,,,,,,,
,,,,,,,,,,,,,,,,,,,,,,,,,
,,,,,,,,,,,,,,,,,,,,,,,,,
,,,,,,,,,,,,,,,,,,,,,,,,,
,,,,,,,,,,,,,,,,,,,,,,,,,
,,,,,,,,,,,,,,,,,,,,,,,,,
,,,,,,,,,,,,,,,,,,,,,,,,,
,,,,,,,,,,,,,,,,,,,,,,,,,
,,,,,,,,,,,,,,,,,,,,,,,,,
,,,,,,,,,,,,,,,,,,,,,,,,,
,,,,,,,,,,,,,,,,,,,,,,,,,
,,,,,,,,,,,,,,,,,,,,,,,,,
,,,,,,,,,,,,,,,,,,,,,,,,,
,,,,,,,,,,,,,,,,,,,,,,,,,
,,,,,,,,,,,,,,,,,,,,,,,,,
,,,,,,,,,,,,,,,,,,,,,,,,,
,,,,,,,,,,,,,,,,,,,,,,,,,
,,,,,,,,,,,,,,,,,,,,,,,,,
,,,,,,,,,,,,,,,,,,,,,,,,,
,,,,,,,,,,,,,,,,,,,,,,,,,
,,,,,,,,,,,,,,,,,,,,,,,,,
,,,,,,,,,,,,,,,,,,,,,,,,,
,,,,,,,,,,,,,,,,,,,,,,,,,
,,,,,,,,,,,,,,,,,,,,,,,,,
,,,,,,,,,,,,,,,,,,,,,,,,,
,,,,,,,,,,,,,,,,,,,,,,,,,
,,,,,,,,,,,,,,,,,,,,,,,,,
,,,,,,,,,,,,,,,,,,,,,,,,,
,,,,,,,,,,,,,,,,,,,,,,,,,
,,,,,,,,,,,,,,,,,,,,,,,,,
,,,,,,,,,,,,,,,,,,,,,,,,,
,,,,,,,,,,,,,,,,,,,,,,,,,
,,,,,,,,,,,,,,,,,,,,,,,,,
,,,,,,,,,,,,,,,,,,,,,,,,,
,,,,,,,,,,,,,,,,,,,,,,,,,
,,,,,,,,,,,,,,,,,,,,,,,,,
,,,,,,,,,,,,,,,,,,,,,,,,,
,,,,,,,,,,,,,,,,,,,,,,,,,
,,,,,,,,,,,,,,,,,,,,,,,,,
,,,,,,,,,,,,,,,,,,,,,,,,,
,,,,,,,,,,,,,,,,,,,,,,,,,
,,,,,,,,,,,,,,,,,,,,,,,,,
,,,,,,,,,,,,,,,,,,,,,,,,,
,,,,,,,,,,,,,,,,,,,,,,,,,
,,,,,,,,,,,,,,,,,,,,,,,,,
,,,,,,,,,,,,,,,,,,,,,,,,,
,,,,,,,,,,,,,,,,,,,,,,,,,
,,,,,,,,,,,,,,,,,,,,,,,,,
,,,,,,,,,,,,,,,,,,,,,,,,,
,,,,,,,,,,,,,,,,,,,,,,,,,
,,,,,,,,,,,,,,,,,,,,,,,,,
,,,,,,,,,,,,,,,,,,,,,,,,,
,,,,,,,,,,,,,,,,,,,,,,,,,
,,,,,,,,,,,,,,,,,,,,,,,,,
,,,,,,,,,,,,,,,,,,,,,,,,,
,,,,,,,,,,,,,,,,,,,,,,,,,
,,,,,,,,,,,,,,,,,,,,,,,,,
,,,,,,,,,,,,,,,,,,,,,,,,,
,,,,,,,,,,,,,,,,,,,,,,,,,
,,,,,,,,,,,,,,,,,,,,,,,,,
,,,,,,,,,,,,,,,,,,,,,,,,,
,,,,,,,,,,,,,,,,,,,,,,,,,
,,,,,,,,,,,,,,,,,,,,,,,,,
,,,,,,,,,,,,,,,,,,,,,,,,,
,,,,,,,,,,,,,,,,,,,,,,,,,
,,,,,,,,,,,,,,,,,,,,,,,,,
,,,,,,,,,,,,,,,,,,,,,,,,,
,,,,,,,,,,,,,,,,,,,,,,,,,
,,,,,,,,,,,,,,,,,,,,,,,,,
,,,,,,,,,,,,,,,,,,,,,,,,,
,,,,,,,,,,,,,,,,,,,,,,,,,
,,,,,,,,,,,,,,,,,,,,,,,,,
,,,,,,,,,,,,,,,,,,,,,,,,,
,,,,,,,,,,,,,,,,,,,,,,,,,
,,,,,,,,,,,,,,,,,,,,,,,,,
,,,,,,,,,,,,,,,,,,,,,,,,,
,,,,,,,,,,,,,,,,,,,,,,,,,
,,,,,,,,,,,,,,,,,,,,,,,,,
,,,,,,,,,,,,,,,,,,,,,,,,,
,,,,,,,,,,,,,,,,,,,,,,,,,
,,,,,,,,,,,,,,,,,,,,,,,,,
,,,,,,,,,,,,,,,,,,,,,,,,,
,,,,,,,,,,,,,,,,,,,,,,,,,
,,,,,,,,,,,,,,,,,,,,,,,,,
,,,,,,,,,,,,,,,,,,,,,,,,,
,,,,,,,,,,,,,,,,,,,,,,,,,
,,,,,,,,,,,,,,,,,,,,,,,,,
,,,,,,,,,,,,,,,,,,,,,,,,,
,,,,,,,,,,,,,,,,,,,,,,,,,
,,,,,,,,,,,,,,,,,,,,,,,,,
,,,,,,,,,,,,,,,,,,,,,,,,,
,,,,,,,,,,,,,,,,,,,,,,,,,
,,,,,,,,,,,,,,,,,,,,,,,,,
,,,,,,,,,,,,,,,,,,,,,,,,,
,,,,,,,,,,,,,,,,,,,,,,,,,
,,,,,,,,,,,,,,,,,,,,,,,,,
,,,,,,,,,,,,,,,,,,,,,,,,,
,,,,,,,,,,,,,,,,,,,,,,,,,
,,,,,,,,,,,,,,,,,,,,,,,,,
,,,,,,,,,,,,,,,,,,,,,,,,,
,,,,,,,,,,,,,,,,,,,,,,,,,
,,,,,,,,,,,,,,,,,,,,,,,,,
,,,,,,,,,,,,,,,,,,,,,,,,,
,,,,,,,,,,,,,,,,,,,,,,,,,
,,,,,,,,,,,,,,,,,,,,,,,,,
,,,,,,,,,,,,,,,,,,,,,,,,,
,,,,,,,,,,,,,,,,,,,,,,,,,
,,,,,,,,,,,,,,,,,,,,,,,,,
,,,,,,,,,,,,,,,,,,,,,,,,,
,,,,,,,,,,,,,,,,,,,,,,,,,
,,,,,,,,,,,,,,,,,,,,,,,,,
,,,,,,,,,,,,,,,,,,,,,,,,,
,,,,,,,,,,,,,,,,,,,,,,,,,
,,,,,,,,,,,,,,,,,,,,,,,,,
,,,,,,,,,,,,,,,,,,,,,,,,,
,,,,,,,,,,,,,,,,,,,,,,,,,
,,,,,,,,,,,,,,,,,,,,,,,,,
,,,,,,,,,,,,,,,,,,,,,,,,,
,,,,,,,,,,,,,,,,,,,,,,,,,
,,,,,,,,,,,,,,,,,,,,,,,,,
,,,,,,,,,,,,,,,,,,,,,,,,,
,,,,,,,,,,,,,,,,,,,,,,,,,
,,,,,,,,,,,,,,,,,,,,,,,,,
,,,,,,,,,,,,,,,,,,,,,,,,,
,,,,,,,,,,,,,,,,,,,,,,,,,
,,,,,,,,,,,,,,,,,,,,,,,,,
,,,,,,,,,,,,,,,,,,,,,,,,,
